UnassignedWell,Var2,Var3,Var4,Var5,Var6,Var7,Var8,Var9,Var10,Var11,Var12,Var13,Var14,Var15,Var16,Var17,Var18,Var19,Var20,Var21,Var22,Var23,Var24,Var25,Var26,Var27,Var28,Var29,Var30,Var31,Var32,Var33,Var34,Var35,Var36,Var37,Var38,Var39,Var40,Var41,Var42,Var43,Var44,Var45,Var46,Var47,Var48,Var49,Var50,Var51,Var52,Var53,Var54,Var55,Var56,Var57,Var58,Var59,Var60,Var61,Var62,Var63,Var64,Var65,Var66,Var67,Var68,Var69,Var70,Var71,Var72,Var73,Var74,Var75,Var76,Var77,Var78,Var79,Var80,Var81,Var82,Var83,Var84
Unselected Well,,,,,,,,,NaN,,,,,,,,,NaN,,,,,,,,,NaN,,,,,,,,,NaN,,,,,,,,,NaN,,,,,,,,,NaN,,,,,NaN,,,,,NaN,,,,,NaN,,,,,NaN,,,,,NaN,,,,
OCR Data,,,,,,,,,NaN,,,,,,,,,NaN,,,,,,,,,NaN,,,,,,,,,NaN,,,,,,,,,NaN,,,,,,,,,NaN,,,,,NaN,,,,,NaN,,,,,NaN,,,,,NaN,,,,,NaN,,,,
ECAR Data,,,,,,,,,NaN,,,,,,,,,NaN,,,,,,,,,NaN,,,,,,,,,NaN,,,,,,,,,NaN,,,,,,,,,NaN,,,,,NaN,,,,,NaN,,,,,NaN,,,,,NaN,,,,,NaN,,,,
PER Data,,,,,,,,,NaN,,,,,,,,,NaN,,,,,,,,,NaN,,,,,,,,,NaN,,,,,,,,,NaN,,,,,,,,,NaN,,,,,NaN,,,,,NaN,,,,,NaN,,,,,NaN,,,,,NaN,,,,
,,,,,,,,,NaN,,,,,,,,,NaN,,,,,,,,,NaN,,,,,,,,,NaN,,,,,,,,,NaN,,,,,,,,,NaN,,,,,NaN,,,,,NaN,,,,,NaN,,,,,NaN,,,,,NaN,,,,
OCR (pmol/min):,,,,,,,,,NaN,,,,,,,,,NaN,,,,,,,,,NaN,,,,,,,,,NaN,,,,,,,,,NaN,,,,,,,,,NaN,,,,,NaN,,,,,NaN,,,,,NaN,,,,,NaN,,,,,NaN,,,,
Time,Group Name: Glycolytic Rate Assay-parental yfp,,,,,,,,NaN,Group Name: Glycolytic Rate Assay-brm2 yfp,,,,,,,,NaN,Group Name: Glycolytic Rate Assay-lm2 yfp,,,,,,,,NaN,Group Name: Glycolytic Rate Assay-parental mcherry,,,,,,,,NaN,Group Name: Glycolytic Rate Assay-brm2 mcherry,,,,,,,,NaN,Group Name: Glycolytic Rate Assay-lm2 mcherry,,,,,,,,NaN,Group Name: no drug-parental yfp,,,,NaN,Group Name: no drug-brm2 yfp,,,,NaN,Group Name: no drug-parental mcherry,,,,NaN,Group Name: no drug-lm2 yfp,,,,NaN,Group Name: no drug-brm2 mcherry,,,,NaN,Group Name: no drug-lm2 mcherry,,,
,A02,B02,C02,D02,E02,F02,G02,H02,NaN,A03,B03,C03,D03,E03,F03,G03,H03,NaN,A04,B04,C04,D04,E04,F04,G04,H04,NaN,A08,B08,C08,D08,E08,F08,G08,H08,NaN,A09,B09,C09,D09,E09,F09,G09,H09,NaN,A10,B10,C10,D10,E10,F10,G10,H10,NaN,A05,B05,C05,D05,NaN,A06,B06,C06,D06,NaN,E05,F05,G05,H05,NaN,A07,B07,C07,D07,NaN,E06,F06,G06,H06,NaN,E07,F07,G07,H07
1.3062,49.836,50.1906,51.2647,53.3298,69.9725,38.3034,31.8307,56.06,NaN,169.9588,173.1314,218.3738,268.9959,152.3519,261.2893,182.576,181.5352,NaN,252.0969,303.0986,315.7462,322.2941,301.5896,312.3236,307.6541,341.8894,NaN,48.2667,53.0095,45.544,59.7738,51.4447,92.8351,55.4892,41.3279,NaN,96.0267,119.4498,149.277,187.217,104.5689,127.5737,125.1115,102.0845,NaN,76.9283,60.4209,64.1157,71.3242,61.6298,74.3198,49.7464,32.8032,NaN,63.842,33.4549,48.8888,41.0011,NaN,226.3673,273.8867,247.9939,257.1981,NaN,67.1512,79.3707,69.2142,44.9252,NaN,302.2841,297.92,324.3919,331.466,NaN,132.1345,139.3746,121.4709,148.6399,NaN,81.493,66.5154,69.0519,75.0852
7.7696,54.0557,56.4737,59.9339,56.9243,70.937,41.889,45.4901,64.2975,NaN,183.9538,182.6891,228.2387,274.2112,165.5452,256.5722,188.4199,198.5061,NaN,255.2694,307.4911,322.5775,324.3427,310.1234,315.8555,318.4703,346.4706,NaN,56.2029,60.0584,54.1874,64.7353,58.2746,96.7106,60.7499,49.4154,NaN,103.5874,125.509,155.014,190.3863,110.8842,128.2873,129.0406,109.6586,NaN,84.4026,71.036,71.2356,74.293,70.0335,78.4692,62.0011,43.9706,NaN,68.275,39.2202,54.0016,44.9629,NaN,232.7107,278.7502,246.2019,264.6939,NaN,69.2176,69.2321,73.3811,52.4628,NaN,305.6892,294.9301,320.2561,332.5773,NaN,138.8394,145.5843,129.0718,155.1901,NaN,85.0045,69.7724,72.2926,80.7168
14.2298,45.1029,47.7185,49.7482,47.3337,61.832,30.1239,31.9012,46.0357,NaN,170.1397,169.6603,216.6036,265.0239,155.3492,242.1797,174.2725,181.5598,NaN,249.9498,303.484,318.3553,318.9373,306.7894,308.9648,311.9272,339.8291,NaN,43.645,48.2783,43.2907,54.7029,47.1036,84.093,48.5037,36.5486,NaN,91.5978,112.1537,144.6157,180.9783,98.5833,113.5272,117.464,100.6109,NaN,66.5842,59.6946,57.4749,61.5079,53.758,63.9829,40.0572,26.9282,NaN,60.2406,30.2208,45.5503,35.9719,NaN,222.4299,266.7968,231.903,256.4572,NaN,57.3221,56.2553,62.3924,42.6096,NaN,301.3879,287.9924,312.2003,325.885,NaN,129.0856,134.5677,116.7624,142.5986,NaN,70.6392,53.6302,57.3425,67.8103
20.7894,6.5693,10.2605,9.6017,9.6783,9.3759,7.2307,6.9756,11.8421,NaN,99.635,104.4233,118.9244,146.7935,94.856,128.0134,109.6985,104.7145,NaN,180.8396,218.5447,236.9904,230.7109,226.759,199.4165,227.2084,239.9196,NaN,21.4673,33.4036,26.2956,30.3415,28.8492,38.609,25.1488,18.2013,NaN,61.5944,74.8664,96.5611,117.6384,72.4912,89.5439,79.3589,65.0581,NaN,49.5792,26.0564,28.481,27.4801,29.1174,26.9491,19.761,12.0515,NaN,58.0403,29.4172,43.2915,35.0712,NaN,218.4836,261.2525,230.9754,254.29,NaN,53.8447,53.395,60.662,40.4335,NaN,297.7321,285.0626,303.2279,316.3728,NaN,127.1836,130.9519,108.8887,143.0543,NaN,66.9226,47.3921,53.5525,66.5114
27.2509,5.4125,8.7864,9.0397,8.6169,8.696,5.4122,7.2107,10.7531,NaN,99.2101,104.4629,120.656,147.1531,95.1612,131.3984,110.9459,103.7867,NaN,187.0178,223.7395,242.1993,234.8647,232.2303,207.7281,230.6651,242.3171,NaN,21.6736,32.3981,25.6846,30.0696,28.1898,38.4393,25.1517,17.1619,NaN,61.9454,77.0564,98.2095,119.7504,73.0934,88.9967,81.372,66.4646,NaN,49.8196,25.7919,28.7094,30.6446,28.6775,28.4739,21.0551,10.2153,NaN,60.2466,30.2516,44.6771,35.5807,NaN,226.8726,267.0032,236.465,261.1455,NaN,54.2568,54.7442,62.3828,42.5012,NaN,306.7417,299.547,313.5395,329.1086,NaN,128.8049,134.4773,111.3658,143.7207,NaN,68.9063,47.7756,54.2078,68.7038
33.7135,5.2448,6.8161,8.3727,8.7372,8.0296,5.3625,6.2794,8.6752,NaN,98.5365,104.0026,119.7352,147.65,95.1629,132.6328,109.6842,100.8055,NaN,193.1118,226.2382,244.5939,236.5222,234.0747,212.7671,229.9916,243.8694,NaN,22.7969,30.6695,24.5587,29.6969,28.0726,39.4089,25.401,17.8928,NaN,61.6861,77.0041,98.4253,120.6826,73.6216,89.3289,82.1901,67.1837,NaN,48.0942,24.8507,29.0718,28.0368,27.3251,27.9518,21.5063,10.903,NaN,60.3591,30.5535,45.0577,35.5864,NaN,229.82,271.7947,238.5394,265.7126,NaN,54.927,55.2046,60.6528,41.2873,NaN,314.8813,303.2834,317.964,334.2996,NaN,131.2485,135.4714,112.9508,145.6128,NaN,68.9336,49.1174,55.717,68.2573
40.282,2.5798,5.5726,5.7224,5.8663,7.0578,3.363,2.7181,7.508,NaN,56.0671,73.0358,79.9,91.244,67.5398,87.1554,75.5602,66.4469,NaN,112.3721,133.9337,148.6518,140.0471,142.1081,146.5041,135.2646,146.2224,NaN,12.816,17.2741,17.552,22.1032,19.1676,26.2099,16.986,10.3102,NaN,36.9697,48.1518,55.2459,66.0859,49.3756,54.8985,49.2216,42.067,NaN,39.8745,19.6224,22.5419,24.0563,41.4617,23.5281,12.0655,6.5791,NaN,59.3235,29.822,42.9285,34.2686,NaN,224.9909,265.6357,247.4455,261.2783,NaN,54.3036,53.195,61.0376,41.5097,NaN,293.7211,296.6843,306.3479,327.1773,NaN,129.8009,129.897,113.1771,146.8776,NaN,68.0809,46.6739,54.9494,68.3515
46.7469,3.7648,5.9635,6.3706,5.688,5.7719,4.7293,4.4675,8.4162,NaN,48.7805,64.0288,70.8366,82.4261,60.8037,78.9747,66.7194,59.9872,NaN,100.885,120.7315,134.0915,126.7059,128.4694,132.3739,122.5755,132.3971,NaN,12.9229,18.6404,19.6092,22.0782,19.3015,24.4764,17.5012,11.9553,NaN,33.556,44.6323,51.3812,61.7432,45.3571,51.7629,45.6291,38.3631,NaN,41.596,19.9564,21.8759,23.6856,36.9993,23.4954,15.7556,8.9889,NaN,61.2195,31.1633,45.3818,36.4604,NaN,233.1248,273.8462,253.5822,266.7556,NaN,55.7489,54.1174,63.3589,43.3298,NaN,301.08,305.7761,315.4239,337.5129,NaN,131.6638,132.5363,115.4869,147.0511,NaN,70.1407,47.4208,56.9763,69.0669
53.2212,3.8148,5.6337,6.2483,6.1681,6.7978,4.2087,3.0665,10.344,NaN,46.2067,59.4,66.4496,77.94,57.515,73.7097,62.628,57.4625,NaN,97.3411,116.9259,129.8548,123.1557,125.21,129.1567,118.5871,128.0449,NaN,12.383,19.1431,19.3388,21.2958,17.967,23.117,15.6247,11.4651,NaN,34.179,44.2219,50.2917,59.753,43.7049,49.7419,44.6682,37.0362,NaN,44.3258,20.754,21.9337,23.5527,33.3143,23.6355,15.4788,9.0749,NaN,61.7841,31.9846,46.056,36.8619,NaN,236.2574,276.701,257.5915,271.3555,NaN,56.7796,55.4376,63.5611,43.2431,NaN,307.6605,309.3679,320.183,341.8976,NaN,134.9567,134.9829,118.6496,149.2339,NaN,70.6697,50.2534,57.5042,70.5958
59.6933,3.2357,4.4218,5.8613,5.338,5.4568,3.6384,3.4537,3.9585,NaN,43.9242,57.3081,62.1796,75.7436,56.2811,71.3346,59.4486,53.6205,NaN,95.3825,114.1139,126.5712,119.8812,123.0257,125.9292,115.5967,124.8423,NaN,11.3331,17.5986,16.6673,18.7531,16.8644,20.9551,14.688,10.2305,NaN,31.7981,42.8531,47.9735,57.9152,40.417,47.048,42.781,35.3901,NaN,45.9528,20.3603,22.4252,22.236,31.76,20.3331,12.7661,7.1875,NaN,62.5192,32.0724,45.73,36.3067,NaN,236.2099,277.7523,258.1442,272.9105,NaN,57.0215,55.3706,62.8978,42.0803,NaN,315.1707,310.0975,320.9562,342.6587,NaN,133.2904,134.2103,117.4019,148.2508,NaN,70.1174,47.9864,56.2181,69.357
66.1726,3.1833,4.6136,5.4913,5.7598,4.9331,2.7884,3.5096,8.52,NaN,43.6889,55.348,60.6261,74.6563,54.1695,68.8453,57.4245,52.9232,NaN,95.5344,113.8009,125.2248,119.6211,122.5106,126.1226,115.2641,123.82,NaN,11.9327,17.6696,18.4272,19.7025,17.3448,21.7631,15.1623,9.1593,NaN,32.8835,41.6359,48.2317,57.9929,41.0707,46.2465,42.7952,35.2189,NaN,44.3615,23.3737,21.4151,22.1782,31.2788,21.2168,14.9856,7.1206,NaN,62.2385,32.0743,46.5018,37.2444,NaN,238.9008,279.0816,260.0419,275.4308,NaN,57.3206,55.1964,64.0655,43.3205,NaN,321.1942,311.2997,322.6686,344.0407,NaN,135.2382,136.4254,118.3069,148.7097,NaN,70.8467,48.1291,58.4323,70.5671
,,,,,,,,,NaN,,,,,,,,,NaN,,,,,,,,,NaN,,,,,,,,,NaN,,,,,,,,,NaN,,,,,,,,,NaN,,,,,NaN,,,,,NaN,,,,,NaN,,,,,NaN,,,,,NaN,,,,
,,,,,,,,,NaN,,,,,,,,,NaN,,,,,,,,,NaN,,,,,,,,,NaN,,,,,,,,,NaN,,,,,,,,,NaN,,,,,NaN,,,,,NaN,,,,,NaN,,,,,NaN,,,,,NaN,,,,
ECAR (mpH/min):,,,,,,,,,NaN,,,,,,,,,NaN,,,,,,,,,NaN,,,,,,,,,NaN,,,,,,,,,NaN,,,,,,,,,NaN,,,,,NaN,,,,,NaN,,,,,NaN,,,,,NaN,,,,,NaN,,,,
Time,Group Name: Glycolytic Rate Assay-parental yfp,,,,,,,,NaN,Group Name: Glycolytic Rate Assay-brm2 yfp,,,,,,,,NaN,Group Name: Glycolytic Rate Assay-lm2 yfp,,,,,,,,NaN,Group Name: Glycolytic Rate Assay-parental mcherry,,,,,,,,NaN,Group Name: Glycolytic Rate Assay-brm2 mcherry,,,,,,,,NaN,Group Name: Glycolytic Rate Assay-lm2 mcherry,,,,,,,,NaN,Group Name: no drug-parental yfp,,,,NaN,Group Name: no drug-brm2 yfp,,,,NaN,Group Name: no drug-parental mcherry,,,,NaN,Group Name: no drug-lm2 yfp,,,,NaN,Group Name: no drug-brm2 mcherry,,,,NaN,Group Name: no drug-lm2 mcherry,,,
,A02,B02,C02,D02,E02,F02,G02,H02,NaN,A03,B03,C03,D03,E03,F03,G03,H03,NaN,A04,B04,C04,D04,E04,F04,G04,H04,NaN,A08,B08,C08,D08,E08,F08,G08,H08,NaN,A09,B09,C09,D09,E09,F09,G09,H09,NaN,A10,B10,C10,D10,E10,F10,G10,H10,NaN,A05,B05,C05,D05,NaN,A06,B06,C06,D06,NaN,E05,F05,G05,H05,NaN,A07,B07,C07,D07,NaN,E06,F06,G06,H06,NaN,E07,F07,G07,H07
1.3062,9.2666,12.9992,12.0836,14.7596,19.0268,3.7714,5.2722,14.2938,NaN,38.0706,37.9753,52.3145,80.7756,41.4576,72.0749,59.9598,54.9654,NaN,77.6698,87.4903,84.8804,85.9528,83.7325,81.853,93.1713,102.9174,NaN,3.0116,6.8807,2.0938,8.5638,3.3645,14.807,7.5821,3.3224,NaN,18.6912,13.3466,18.4853,34.9804,11.9922,14.4467,20.3625,19.5112,NaN,12.0727,18.2756,17.0342,15.9424,17.0967,16.9398,4.6894,4.1218,NaN,15.7041,5.9481,10.647,9.3803,NaN,63.7028,65.0777,61.0717,74.1774,NaN,5.1685,6.7212,11.3636,7.898,NaN,91.9231,86.5272,86.7313,93.0517,NaN,20.6265,19.2418,18.2439,27.1348,NaN,18.7864,12.7537,14.1979,31.4214
7.7696,12.9662,16.3778,15.4854,17.7055,22.1352,7.3586,9.1025,18.6331,NaN,43.3746,42.1357,54.2037,83.4048,46.3399,71.5139,61.2082,60.9647,NaN,78.4162,88.1856,85.5849,89.2345,85.844,81.7985,92.5995,106.3994,NaN,8.3386,11.3256,6.9391,12.7363,8.4012,19.0073,12.4154,8.928,NaN,23.1148,17.7099,22.8122,38.4462,16.3421,17.9656,24.5243,22.7159,NaN,17.5615,22.1455,20.5758,21.4446,22.4831,21.7827,13.7714,11.5105,NaN,18.7809,9.5017,13.2272,12.7085,NaN,64.8227,64.8592,62.0181,75.0651,NaN,9.3522,14.7205,15.2447,12.2361,NaN,91.6392,87.6385,86.4561,94.6092,NaN,23.818,22.238,21.7925,30.7447,NaN,21.8575,16.8717,17.9425,34.8442
14.2298,13.6746,16.8637,16.0068,18.1308,23.1449,8.0132,9.6209,19.4275,NaN,43.6776,42.8124,53.7868,81.7441,45.7493,71.1616,61.8303,59.7323,NaN,77.8642,87.0316,82.9407,87.999,84.8185,80.4446,93.402,104.9064,NaN,9.6081,11.0086,7.1398,13.8774,8.8522,19.9697,12.8938,9.5886,NaN,23.4325,18.3988,23.284,39.5661,16.754,18.9291,25.0692,23.529,NaN,18.031,22.8917,20.6817,20.8292,22.5535,22.1297,14.4311,12.5278,NaN,19.375,10.1684,13.7337,13.5087,NaN,64.9188,64.5898,61.0741,74.289,NaN,10.5008,15.2965,15.8794,13.1996,NaN,89.7976,86.0822,83.706,93.7055,NaN,24.5568,22.7806,23.123,31.7767,NaN,22.4153,17.4961,18.6555,34.4673
20.7894,24.7327,31.0994,29.399,31.3873,43.0909,13.9772,17.3735,34.4657,NaN,59.995,55.2635,72.7312,117.9747,58.3784,100.7641,83.1965,80.533,NaN,103.2713,115.9861,111.9778,122.011,117.9309,114.5724,129.9396,140.2896,NaN,15.8012,18.7232,10.3764,17.1214,13.0685,33.3499,20.3357,14.7192,NaN,29.6941,22.5372,29.526,53.1167,20.445,23.1749,30.302,29.1167,NaN,25.7508,38.3773,31.7324,32.8172,36.5213,34.8662,23.6087,18.9515,NaN,18.9888,9.6498,12.939,13.146,NaN,64.1416,63.8874,58.988,74.4699,NaN,10.5533,13.4501,14.7098,12.9531,NaN,89.4585,84.1004,85.6442,94.8288,NaN,24.0429,22.2041,21.8983,31.2345,NaN,21.4864,15.8999,17.7264,34.0757
27.2509,25.1749,31.9984,30.9096,32.7803,44.2133,14.6186,18.5656,36.1161,NaN,67.2228,61.0037,83.315,123.5663,65.0669,112.1115,89.781,92.6415,NaN,101.1124,111.1264,108.026,115.5928,111.5391,109.6979,121.721,133.1188,NaN,17.1253,20.569,12.3487,21.2157,14.0435,36.481,22.2642,15.0574,NaN,34.1452,27.2192,35.7997,60.4221,23.5351,26.4828,35.7404,34.5679,NaN,26.4821,38.8656,33.6019,32.9821,38.2876,35.4657,24.125,20.0124,NaN,19.0582,10.1957,12.7859,12.9868,NaN,65.058,63.4655,58.4607,72.4412,NaN,10.4722,13.1639,14.7563,13.0277,NaN,87.888,82.7785,82.9608,91.2544,NaN,23.882,22.783,22.985,31.8556,NaN,20.9058,16.0772,16.7496,33.4955
33.7135,26.1482,33.2486,31.1922,33.3895,45.1614,15.1836,18.7599,37.2381,NaN,69.2273,63.38,85.9183,123.8587,67.8122,114.5432,91.93,97.7053,NaN,102.8592,108.8685,105.0813,112.1458,108.5924,107.1541,116.5079,135.024,NaN,18.3071,21.4315,12.0886,22.0901,14.7215,37.517,22.6702,16.3849,NaN,36.5187,29.6424,38.0841,62.8413,25.2441,28.0594,37.4617,37.1219,NaN,27.6049,38.5331,33.4139,33.5687,38.3873,35.6411,24.387,20.8101,NaN,18.4653,9.9579,13.2748,12.9144,NaN,63.9935,64.2227,58.5248,71.4912,NaN,10.7413,13.4551,15.0092,12.8188,NaN,86.7077,83.1854,81.9063,90.593,NaN,23.8417,22.4731,22.4664,31.725,NaN,21.3355,16.3284,17.0444,32.9786
40.282,5.6248,7.9022,6.1042,7.7848,11.6029,4.0778,5.189,11.9376,NaN,13.2425,20.3564,22.7006,33.781,19.4185,28.1625,31.1909,24.3733,NaN,42.9683,46.1218,47.3387,47.4674,50.6632,47.5404,52.1175,59.3023,NaN,3.9064,5.8612,3.0379,6.8824,5.1066,8.5685,6.7201,5.7401,NaN,9.3393,8.4695,9.2491,15.7924,7.6328,8.6269,11.4308,11.4904,NaN,7.746,9.8089,9.6332,9.8929,11.0117,10.2697,7.5186,6.1444,NaN,18.4624,9.7971,12.6389,12.324,NaN,63.2456,62.9288,56.959,70.0678,NaN,9.5838,12.6396,13.9384,12.1416,NaN,86.4747,83.1429,83.25,93.3614,NaN,24.0051,21.8513,22.1672,31.2461,NaN,20.7038,15.6984,16.7583,32.7709
46.7469,2.4126,4.0387,2.8555,3.8981,4.9178,1.6595,2.1813,5.9466,NaN,10.2034,13.9009,16.8542,23.8954,15.0129,22.4241,21.6893,20.4221,NaN,28.3545,29.5256,31.7117,29.6053,32.554,31.415,33.4006,39.5481,NaN,2.905,4.21,2.8918,4.6547,2.9454,5.8701,4.3243,4.6197,NaN,7.9696,7.0558,7.7389,12.6422,5.7662,6.5135,9.2918,10.0423,NaN,5.3488,5.6435,6.968,5.9902,8.1289,6.8098,5.0201,5.3404,NaN,18.5164,10.0072,12.8194,12.7165,NaN,64.6032,63.7945,57.2719,70.1345,NaN,9.9257,13.2043,14.2434,12.6932,NaN,86.1006,81.7797,81.3227,89.9178,NaN,24.6177,22.951,22.936,32.5009,NaN,20.6021,16.4394,17.1414,32.624
53.2212,2.0583,3.5544,2.789,3.6047,4.3784,1.4089,2.1713,5.6806,NaN,9.7988,12.5332,15.9318,22.1626,14.4592,21.304,18.897,19.4274,NaN,26.3991,27.2315,29.2241,27.3532,30.0588,29.3635,31.0919,35.6432,NaN,2.6286,3.7152,2.3325,3.8373,2.4551,5.5209,3.9268,5.034,NaN,8.2195,6.8381,7.3117,12.2244,5.5108,5.9304,8.7258,9.6252,NaN,5.1654,5.3232,7.0992,5.8278,8.6886,6.8296,4.7991,5.1339,NaN,18.3615,9.9467,12.9781,12.4972,NaN,62.9685,63.868,56.5351,68.9889,NaN,10.1184,13.1504,14.1964,12.6616,NaN,85.3421,81.2993,80.2537,88.735,NaN,24.8033,23.0379,23.2757,32.27,NaN,20.7971,16.7855,17.168,32.737
59.6933,2.0994,3.4026,2.8159,3.2327,3.9561,1.7108,2.2147,4.7988,NaN,10.7649,12.5787,15.8205,22.4934,14.7254,21.4702,18.6655,19.0895,NaN,26.0891,26.8787,28.7884,27.3569,29.7752,28.7441,30.9338,34.7535,NaN,2.6732,4.279,2.9205,3.9255,2.3719,5.2804,3.6118,5.0218,NaN,8.4374,7.2583,7.8665,12.5264,5.7312,6.1097,9.1347,9.7086,NaN,5.6969,5.7427,7.2902,5.5099,8.4825,6.5666,4.5612,5.7955,NaN,18.1755,9.9095,12.9611,12.7237,NaN,62.6358,63.0534,56.7939,68.4846,NaN,10.2819,13.1057,14.1955,12.7341,NaN,84.2162,80.8575,79.7682,88.2525,NaN,25.2927,23.0103,23.6127,32.3651,NaN,21.1978,16.3879,17.1472,32.4264
66.1726,1.9315,3.278,2.7843,3.1268,4.1222,1.5828,2.0042,5.7484,NaN,11.3266,12.8773,15.8083,22.6677,14.7372,21.6912,18.2861,18.9358,NaN,26.2285,27.2137,28.5899,27.977,29.6666,28.9869,30.8726,34.5687,NaN,2.9054,4.1463,3.3119,4.1222,2.7695,5.4922,4.1085,4.8627,NaN,8.4607,7.189,7.8648,12.6851,5.7768,6.5632,9.1369,9.4499,NaN,6.079,5.7037,6.7451,5.8947,8.7116,6.7492,5.1975,5.2312,NaN,17.748,9.8509,12.957,12.55,NaN,62.3044,62.9429,56.3964,67.4181,NaN,10.4768,13.209,14.2685,12.6463,NaN,83.3944,80.4276,79.3045,87.5352,NaN,25.209,22.89,23.2473,32.5193,NaN,20.865,16.1038,17.1491,31.974
,,,,,,,,,NaN,,,,,,,,,NaN,,,,,,,,,NaN,,,,,,,,,NaN,,,,,,,,,NaN,,,,,,,,,NaN,,,,,NaN,,,,,NaN,,,,,NaN,,,,,NaN,,,,,NaN,,,,
,,,,,,,,,NaN,,,,,,,,,NaN,,,,,,,,,NaN,,,,,,,,,NaN,,,,,,,,,NaN,,,,,,,,,NaN,,,,,NaN,,,,,NaN,,,,,NaN,,,,,NaN,,,,,NaN,,,,
PER (pmol/min),,,,,,,,,NaN,,,,,,,,,NaN,,,,,,,,,NaN,,,,,,,,,NaN,,,,,,,,,NaN,,,,,,,,,NaN,,,,,NaN,,,,,NaN,,,,,NaN,,,,,NaN,,,,,NaN,,,,
Time,Group Name: Glycolytic Rate Assay-parental yfp,,,,,,,,NaN,Group Name: Glycolytic Rate Assay-brm2 yfp,,,,,,,,NaN,Group Name: Glycolytic Rate Assay-lm2 yfp,,,,,,,,NaN,Group Name: Glycolytic Rate Assay-parental mcherry,,,,,,,,NaN,Group Name: Glycolytic Rate Assay-brm2 mcherry,,,,,,,,NaN,Group Name: Glycolytic Rate Assay-lm2 mcherry,,,,,,,,NaN,Group Name: no drug-parental yfp,,,,NaN,Group Name: no drug-brm2 yfp,,,,NaN,Group Name: no drug-parental mcherry,,,,NaN,Group Name: no drug-lm2 yfp,,,,NaN,Group Name: no drug-brm2 mcherry,,,,NaN,Group Name: no drug-lm2 mcherry,,,
,A02,B02,C02,D02,E02,F02,G02,H02,NaN,A03,B03,C03,D03,E03,F03,G03,H03,NaN,A04,B04,C04,D04,E04,F04,G04,H04,NaN,A08,B08,C08,D08,E08,F08,G08,H08,NaN,A09,B09,C09,D09,E09,F09,G09,H09,NaN,A10,B10,C10,D10,E10,F10,G10,H10,NaN,A05,B05,C05,D05,NaN,A06,B06,C06,D06,NaN,E05,F05,G05,H05,NaN,A07,B07,C07,D07,NaN,E06,F06,G06,H06,NaN,E07,F07,G07,H07
1.3062,164.9075,198.5534,204.7081,217.9291,240.0475,133.6949,152.7289,273.2122,NaN,478.7135,456.8936,559.4684,773.536,469.0281,708.9137,621.9266,636.3673,NaN,725.9139,802.9924,779.4641,793.7277,772.9319,757.3,847.633,932.5949,NaN,172.0329,183.2093,155.0013,175.2186,150.2388,236.8224,188.0834,171.915,NaN,290.8358,251.9186,271.8277,389.8065,234.6634,246.5114,287.5738,269.6814,NaN,261.8471,286.2859,272.4803,262.7284,300.6065,289.833,259.6519,220.8838,NaN,218.3798,145.614,172.5308,166.8603,NaN,648.9365,656.4056,618.3458,718.2334,NaN,153.2313,157.7626,194.4828,176.4051,NaN,833.2504,791.448,794.8999,851.3292,NaN,288.3388,277.0803,279.3315,340.7462,NaN,278.6017,245.9959,244.878,383.1068
7.7696,159.9154,189.5716,190.74,203.4647,231.5337,122.8631,141.1709,247.3201,NaN,454.9406,432.0082,521.1468,746.6502,455.9945,654.4306,578.0406,609.7231,NaN,692.6125,769.946,747.4811,780.261,751.2138,718.4083,804.7821,919.6949,NaN,158.1409,169.8519,140.9466,167.9112,143.4512,225.3332,178.1327,161.2602,NaN,272.3886,231.4645,259.253,375.8394,216.548,224.7344,273.4137,252.0775,NaN,242.7055,263.8599,248.8922,255.2542,281.2419,269.7507,247.4891,208.2379,NaN,207.6974,136.6384,159.8781,158.4891,NaN,605.1798,603.2735,576.8262,678.2708,NaN,143.9975,182.1899,186.0643,167.9251,NaN,794.3829,763.2016,754.8316,823.7839,NaN,266.9103,254.1397,256.8943,322.6084,NaN,254.2794,224.019,224.7726,360.4192
14.2298,157.1209,184.6459,184.8348,197.5615,231.456,118.4299,134.9899,238.8511,NaN,441.1535,423.1923,504.7247,721.5899,438.4889,639.3836,569.8539,581.5468,NaN,678.5754,751.2412,717.0577,760.6137,733.5307,698.1411,801.8689,897.7268,NaN,154.481,155.321,129.6136,167.0956,135.5287,222.0063,170.0559,152.9572,NaN,261.7485,223.4312,251.4752,374.6119,206.8893,220.2383,266.159,248.0108,NaN,231.024,256.7731,237.0261,237.6921,266.5029,258.1238,231.9893,198.813,NaN,203.8159,132.8222,155.7877,156.3344,NaN,593.0563,588.55,557.2423,660.5297,NaN,142.7496,177.0889,181.4849,165.0727,NaN,770.6572,741.6251,723.5041,806.7408,NaN,261.338,247.0073,255.1235,319.3737,NaN,246.7838,215.5767,218.2325,345.1313
20.7894,241.813,294.6751,287.4889,299.4966,387.6221,161.6608,192.2629,352.442,NaN,564.353,516.3052,650.5105,1006.751,533.7388,871.1164,735.0271,739.7382,NaN,877.8879,979.1007,945.6968,1028.9258,994.7562,967.5399,1090.6308,1176.9222,NaN,197.5606,211.5012,149.3989,188.3606,163.8461,324.1049,224.0814,187.6273,NaN,305.6933,250.1573,296.0402,478.4781,230.3114,248.4639,302.5939,287.7892,NaN,285.5906,374.7998,319.632,327.8647,371.2831,353.4482,295.6996,241.9537,NaN,196.5802,124.2757,145.5086,149.321,NaN,580.6505,576.9046,534.7564,656.4754,NaN,138.1646,157.6193,167.4713,158.0308,NaN,763.6565,721.3743,734.6317,811.0734,NaN,251.7131,236.8856,239.3404,309.5137,NaN,233.6027,196.3316,204.9099,336.1229
27.2509,245.8331,302.3804,300.1727,311.1933,397.0841,167.3467,202.4042,366.5113,NaN,623.2607,563.1653,736.1783,1052.2786,588.1269,962.8654,788.6041,837.9327,NaN,861.0956,940.6236,914.4926,977.9559,943.9833,928.9416,1025.1913,1119.9263,NaN,208.9561,226.9814,165.9469,221.7732,172.3124,349.8476,240.2211,191.097,NaN,342.1486,288.4865,347.033,537.6754,255.8316,275.6912,346.8861,332.127,NaN,292.3177,379.4454,335.3427,329.8894,386.309,359.06,300.9984,251.4455,NaN,197.6177,129.1656,144.7325,148.5197,NaN,588.7217,574.2168,531.1915,640.8336,NaN,138.0953,155.8622,168.3819,159.2182,NaN,751.5494,711.2699,713.6102,782.93,NaN,251.0601,242.1695,248.7533,315.1379,NaN,229.6077,198.502,197.7518,332.148
33.7135,251.784,310.4773,300.2271,314.0387,402.8986,169.7555,201.6943,372.2593,NaN,635.7896,579.1102,754.2018,1052.0514,607.3582,979.6993,802.9585,874.5598,NaN,873.007,920.4306,888.8401,948.1567,918.2599,906.4629,981.2999,1133.0261,NaN,215.4025,231.273,161.0188,226.6023,175.2208,355.7374,240.8647,198.7654,NaN,358.3029,304.9579,362.8286,554.8496,266.702,285.6612,358.1485,350.3002,NaN,297.9393,373.9077,331.0428,331.8273,383.7508,357.3051,298.5382,253.9878,NaN,190.9614,125.2458,146.8667,146.0564,NaN,577.3489,577.5369,529.0711,630.6826,NaN,137.9578,156.0659,168.289,155.2186,NaN,740.1143,712.5412,703.116,775.4739,NaN,248.2128,237.1616,241.8595,311.5621,NaN,230.4295,197.5662,197.4274,325.3084
40.282,84.8872,104.7837,96.2818,106.1454,131.464,78.13,90.116,165.3833,NaN,182.2997,230.1502,243.4737,326.1011,215.6815,283.2949,312.0961,281.3166,NaN,389.8714,414.4176,423.0505,426.5666,450.9083,425.606,462.1185,522.7418,NaN,96.2606,103.2237,85.0475,101.9822,95.0826,120.5615,109.786,109.8303,NaN,136.7748,131.5398,128.4319,174.6223,122.0214,126.5536,146.24,141.8633,NaN,134.5796,140.0099,136.9134,138.5634,160.1038,149.9721,157.8027,131.7555,NaN,188.7096,121.5939,139.6623,139.1083,NaN,568.0243,563.917,513.4118,616.2939,NaN,125.9726,147.0162,157.2032,147.0573,NaN,735.9399,709.8597,711.5157,795.17,NaN,246.5621,229.2123,236.2519,304.7522,NaN,222.2752,189.0445,191.972,320.4825
46.7469,58.3928,73.0338,69.3597,74.1677,77.1235,57.9063,65.1071,116.0524,NaN,156.5439,177.1417,195.4524,245.7761,179.2493,236.212,234.7311,248.0665,NaN,271.7786,280.4282,296.8599,282.3931,304.7751,295.3983,311.1173,363.3616,NaN,87.058,88.9629,82.7853,83.2643,76.7661,97.9752,89.5552,99.6938,NaN,124.672,119.052,115.3376,148.4806,105.9497,108.5628,128.0947,129.35,NaN,114.0402,105.4798,114.4531,106.1794,135.6788,120.9913,136.0002,123.8221,NaN,188.4155,122.5087,140.4247,141.5371,NaN,577.8348,569.8078,514.9126,615.8602,NaN,127.8353,150.7301,158.8374,150.5926,NaN,732.1847,698.1545,695.2688,766.7085,NaN,250.5104,237.0709,241.3742,313.8527,NaN,220.4516,193.8589,194.0148,318.2717
53.2212,54.5465,68.1032,67.6316,70.711,71.8265,54.7484,63.8028,112.1617,NaN,151.3775,164.4789,186.502,230.4813,173.2952,225.7767,210.7617,237.9194,NaN,254.9483,260.8995,275.8073,263.1674,283.632,277.8211,291.4816,330.8406,NaN,83.2014,83.5732,76.765,75.5243,71.4652,93.8654,84.9551,101.4092,NaN,125.1165,115.7,110.5413,143.919,102.3663,102.4362,122.1759,124.7491,NaN,110.74,101.3617,114.001,103.3819,138.3607,119.4446,131.7668,120.0839,NaN,186.1483,120.9379,140.7329,138.7617,NaN,563.1892,568.9112,507.5781,605.3035,NaN,128.1435,149.1469,157.3155,149.0866,NaN,725.0387,693.2238,685.5946,756.0577,NaN,250.6386,236.4096,242.6279,310.6371,NaN,220.5996,195.045,192.7774,317.7275
59.6933,53.8423,65.8087,66.6179,66.5895,67.4402,55.9909,62.891,103.275,NaN,157.1538,163.1075,184.0152,231.7056,173.8751,225.6214,207.2971,232.9789,NaN,251.29,256.9168,271.1886,262.0113,280.2033,271.7046,289.0724,322.4832,NaN,81.8707,86.6375,79.9068,75.0165,69.3903,90.5881,80.9742,99.6523,NaN,125.2572,117.4195,113.5841,145.097,102.5548,102.3847,124.04,124.1268,NaN,113.1227,103.1343,113.9843,99.2918,134.8411,115.5768,127.3224,123.249,NaN,183.6017,119.5226,139.6025,139.5342,NaN,558.9473,560.8422,508.1916,599.8531,NaN,128.18,147.6025,156.1292,148.3782,NaN,714.9121,688.5702,680.5691,750.9917,NaN,253.1645,234.7874,243.8148,309.9961,NaN,222.3566,190.2141,191.115,313.7396
66.1726,51.3999,63.6696,65.0609,64.537,67.7164,53.7121,59.8658,108.9792,NaN,159.5675,163.6641,182.2285,231.5899,172.321,225.8165,202.5504,229.3841,NaN,251.1676,258.3859,268.4072,265.7308,278.111,272.4387,287.3731,319.71,NaN,81.9459,84.0239,81.376,75.3065,71.0907,90.861,83.4218,96.6189,NaN,123.7409,115.1117,112.0769,145.0516,101.246,104.4443,122.556,120.6829,NaN,114.194,101.133,107.9676,100.7502,134.7032,115.181,129.7439,116.4493,NaN,179.0536,117.8684,138.516,137.0323,NaN,554.6226,558.3327,503.4504,589.807,NaN,128.3923,147.1757,155.4658,146.3063,NaN,707.1617,683.9468,675.6525,743.9707,NaN,251.0079,232.3388,239.2743,309.7464,NaN,218.1395,186.1969,189.5465,308.5258
