x_PathwayId,PathwayName,RawAccumulator,ImpactFactor,ProbabilityPi,ProbabilityNetwork,CorrectedAccumulator,pValue,AdjustedPValue
path:hsa04151,"PI3K-Akt signaling pathway - Enriched",-350.722570744761,8.68874690235097,0.000729542926081152,4.99750124937531e-06,-666.618450155878,3.85047222994928e-08,9.62618057487319e-06
path:hsa04921,"Oxytocin signaling pathway - Enriched",-554.784240063586,7.31988074503982,0.00932821601080075,4.99750124937531e-06,-845.227019933329,8.47159479899773e-07,7.05966233249811e-05
path:hsa04810,"Regulation of actin cytoskeleton - Enriched",-53.8483776456022,6.37924702476199,0.00765745535083239,4.99750124937531e-06,-338.263315283998,6.55383907921525e-07,7.05966233249811e-05
path:hsa04022,"cGMP-PKG signaling pathway - Enriched",-493.577633228,6.10486773869983,0.0201206166764976,4.99750124937531e-06,-729.981141000896,2.39304233318194e-06,9.97100972159141e-05
path:hsa04924,"Renin secretion - Enriched",-449.30743956639,8.08224466844913,0.0150522451026039,4.99750124937531e-06,-608.998484894365,1.60424229900258e-06,9.97100972159141e-05
path:hsa04744,"Phototransduction - Enriched",-206.324647400469,7.58266418707971,0.0194268668168699,4.99750124937531e-06,-244.229452355893,2.27882208991836e-06,9.97100972159141e-05
path:hsa04723,"Retrograde endocannabinoid signaling - Enriched",-489.726929654798,5.71397467866939,0.0291831445811925,4.99750124937531e-06,-686.485431266007,4.05994782459729e-06,0.00014499813659276
path:hsa04925,"Aldosterone synthesis and secretion - Enriched",-389.25866182393,7.00994773606006,0.0326746155351686,4.99750124937531e-06,-537.447017653858,4.78673169890254e-06,0.000149585365590704
path:hsa04540,"Gap junction - Enriched",-581.774123523882,5.8103519086865,0.0413253212240477,4.99750124937531e-06,-827.338788612555,6.78579745994057e-06,0.000169644936498514
path:hsa04720,"Long-term potentiation - Enriched",-302.350421006603,5.89771036391752,0.03900023373707,4.99750124937531e-06,-453.199467083717,6.22086670554189e-06,0.000169644936498514
path:hsa04510,"Focal adhesion - Enriched",-88.3552311332619,4.54629885099466,0.0497221382489352,4.99750124937531e-06,-366.161252214544,8.99475127835725e-06,0.00020442616541721
path:hsa04713,"Circadian entrainment - Enriched",-649.645123229356,6.06883115979267,0.0583205428831649,4.99750124937531e-06,-868.89469145465,1.15317235502843e-05,0.000221763914428544
path:hsa04911,"Insulin secretion - Enriched",-373.603928620662,6.37848541178273,0.0572333789014364,4.99750124937531e-06,-513.454497094949,1.11954941537373e-05,0.000221763914428544
path:hsa04114,"Oocyte meiosis - Enriched",-196.223191521712,4.54413372938312,0.0634797795734936,4.99750124937531e-06,-277.523705602313,1.31888129590862e-05,0.00023551451712654
path:hsa04218,"Cellular senescence - Enriched",-219.669009855793,4.40065554411119,0.0697794604113542,4.99750124937531e-06,-384.700608141625,1.53511016853791e-05,0.000255851694756319
path:hsa01200,"Carbon metabolism - Enriched",429.892401037897,4.65051952380718,0.075176640522317,4.99750124937531e-06,273.815096885792,1.73266802898642e-05,0.000256325055675952
path:hsa04978,"Mineral absorption - Enriched",-118.093791578268,5.02225625986828,0.0754508229591681,4.99750124937531e-06,-151.775626337284,1.74301037859648e-05,0.000256325055675952
path:hsa04970,"Salivary secretion - Enriched",-386.309238373293,6.2439875263108,0.0844909557797054,4.99750124937531e-06,-514.784339208935,2.10081800532391e-05,0.00029178027851721
path:hsa04714,"Thermogenesis - Enriched",-124.714997706416,4.8364429690931,0.0880889895784578,4.99750124937531e-06,-276.652738162337,2.2524201785612e-05,0.000296371076126473
path:hsa04024,"cAMP signaling pathway - Enriched",-470.67681346522,4.42912932646516,0.0999111982343577,4.99750124937531e-06,-781.714483377797,2.78835131937161e-05,0.000348543914921451
path:hsa04728,"Dopaminergic synapse - Enriched",-565.477051648586,4.72638856276141,0.109787024579261,4.99750124937531e-06,-793.242925778044,3.28176152485371e-05,0.000390685895815918
path:hsa00010,"Glycolysis / Gluconeogenesis - Enriched",230.640095460277,4.00479216174303,0.128056712889089,4.99750124937531e-06,143.783258099415,4.30957978980739e-05,0.000489724976114477
path:hsa04724,"Glutamatergic synapse - Enriched",-529.6135959536,5.02228029199079,0.13900352610826,4.99750124937531e-06,-750.129908929009,5.00056982987163e-05,0.000518698194031941
path:hsa00620,"Pyruvate metabolism - Enriched",161.22986528305,4.06294774158411,0.141807171772577,4.99750124937531e-06,109.370238983607,5.18698194031941e-05,0.000518698194031941
path:hsa00970,"Aminoacyl-tRNA biosynthesis - Enriched",168.056069542251,7.02457504191117,0.00770266866630619,0.000999500249875062,99.3385163120257,4.84268037636015e-05,0.000518698194031941
path:hsa04152,"AMPK signaling pathway - Enriched",-151.878580263773,4.11993339433434,0.155397309526095,4.99750124937531e-06,-278.507362430501,6.14715441240588e-05,0.000591072539654411
path:hsa04144,"Endocytosis - Enriched",-59.7651084781793,3.06061822899086,0.160610702671175,4.99750124937531e-06,-96.0334724275687,6.54112573457155e-05,0.000605659790238107
path:hsa04261,"Adrenergic signaling in cardiomyocytes - Enriched",-509.553370279437,4.07315912866441,0.179984428355,4.99750124937531e-06,-728.897949545611,8.13649624988866e-05,0.000678041354157388
path:hsa04919,"Thyroid hormone signaling pathway - Enriched",-306.265725321549,4.0378641233911,0.178442151552432,4.99750124937531e-06,-542.541811565322,8.00166464731689e-05,0.000678041354157388
path:hsa04927,"Cortisol synthesis and secretion - Enriched",-335.100907223533,5.61765767682526,0.175891250380086,4.99750124937531e-06,-464.737434242906,7.78169229834758e-05,0.000678041354157388
path:hsa04972,"Pancreatic secretion - Enriched",-319.182869640212,6.27846976243726,0.188821973461523,4.99750124937531e-06,-431.601537532719,8.93628635386667e-05,0.000720668254344087
path:hsa04915,"Estrogen signaling pathway - Enriched",-633.47970251505,4.40558072652624,0.192837475492504,4.99750124937531e-06,-961.476351105693,9.31529661241104e-05,0.000727757547844612
path:hsa04014,"Ras signaling pathway - Enriched",-461.920737650028,3.50522226535411,0.209622035784226,4.99750124937531e-06,-807.990052313407,0.000110097769309814,0.000733556952881874
path:hsa04971,"Gastric acid secretion - Enriched",-396.061417452916,5.76886276145164,0.211358590754709,4.99750124937531e-06,-566.121518642792,0.000111955858448365,0.000733556952881874
path:hsa04961,"Endocrine and other factor-regulated calcium reabsorption - Enriched",-305.448942895227,4.97871134123283,0.202787880912383,4.99750124937531e-06,-438.56584040809,0.000102979243201684,0.000733556952881874
path:hsa04066,"HIF-1 signaling pathway - Enriched",-257.357770058617,3.5431755704043,0.207130232124906,4.99750124937531e-06,-423.179829595751,0.000107466680469015,0.000733556952881874
path:hsa04922,"Glucagon signaling pathway - Enriched",-271.020334003116,3.9261020206638,0.213646518748771,4.99750124937531e-06,-407.574726722988,0.000114434884649572,0.000733556952881874
path:hsa00190,"Oxidative phosphorylation - Enriched",161.556131277529,3.41625665453284,0.202787880912383,4.99750124937531e-06,140.115540838083,0.000102979243201684,0.000733556952881874
path:hsa00020,"Citrate cycle (TCA cycle) - Enriched",173.664252168962,3.86958859867095,0.202787880912383,4.99750124937531e-06,127.98227838056,0.000102979243201684,0.000733556952881874
path:hsa04928,"Parathyroid hormone synthesis, secretion and action - Enriched",-465.165299032902,4.47832157707902,0.222952788797381,4.99750124937531e-06,-690.494957399238,0.000124888705967274,0.000780554412295464
path:hsa04380,"Osteoclast differentiation - Enriched",-184.234749456957,3.49324048661348,0.235753945447756,4.99750124937531e-06,-377.423426841279,0.000140275628675801,0.00085533919924269
path:hsa04916,"Melanogenesis - Enriched",-473.433670554579,4.0478918183573,0.2493536214114,4.99750124937531e-06,-670.519677779598,0.000157971052569206,0.00094030388434051
path:hsa00982,"Drug metabolism - cytochrome P450 - Enriched",-37.4797373429151,5.22749536616047,0.0195265421009557,0.00149925037481259,-70.773095223622,0.000186971998618835,0.00108704650359788
path:hsa04730,"Long-term depression - Enriched",-533.948902114325,4.99293953749706,0.284109009505293,4.99750124937531e-06,-761.244026291365,0.000210132589326673,0.00116740327403707
path:hsa04662,"B cell receptor signaling pathway - Enriched",-256.255293420765,3.81634575260995,0.281273305013165,4.99750124937531e-06,-446.688932261735,0.000205475765957974,0.00116740327403707
path:hsa04020,"Calcium signaling pathway - Enriched",-350.048900609643,3.0580662537718,0.326430545659887,4.99750124937531e-06,-518.186884564875,0.000289206447245283,0.00157177416981132
path:hsa04270,"Vascular smooth muscle contraction - Enriched",-436.190461720947,3.75072025001706,0.331934718703152,4.99750124937531e-06,-641.844297037641,0.000300921915689312,0.0016006484877091
path:hsa04666,"Fc gamma R-mediated phagocytosis - Enriched",-196.481853911183,3.57541187776932,0.336902481550031,4.99750124937531e-06,-398.86719668904,0.000311803730338234,0.0016239777621783
path:hsa00140,"Steroid hormone biosynthesis - Enriched",-53.1568903929226,2.75751494902445,0.363390469760344,4.99750124937531e-06,-108.374059375304,0.000375077246796307,0.00191365942243014
path:hsa04962,"Vasopressin-regulated water reabsorption - Enriched",-103.670045925991,3.2116087011693,0.367905226091213,4.99750124937531e-06,-145.36365610956,0.000386799526378767,0.00193399763189384
path:hsa00510,"N-Glycan biosynthesis - Enriched",202.819702973815,6.49072848850546,0.0192720499809816,0.00449775112443778,150.971005069798,0.000466245036270241,0.00224156267437616
path:hsa00592,"alpha-Linolenic acid metabolism - Enriched",-8.2216855551374,2.44217474094754,0.393363645122695,4.99750124937531e-06,-34.9855533578438,0.000458532890147079,0.00224156267437616
path:hsa04918,"Thyroid hormone synthesis - Enriched",-189.607702348086,3.7986184511227,0.402647817460253,4.99750124937531e-06,-301.012064841462,0.000487242970295787,0.00226560263407203
path:hsa03013,"RNA transport - Enriched",28.67619449536,6.73553190360512,0.00344750562974945,0.0249875062468766,23.2937654512805,0.000489370168959558,0.00226560263407203
path:hsa04371,"Apelin signaling pathway - Enriched",-503.390035759196,3.60694448076097,0.407940323621368,4.99750124937531e-06,-777.537797177409,0.000504263742858502,0.0022921079220841
path:hsa04015,"Rap1 signaling pathway - Enriched",-493.110359975608,3.24999777683924,0.413499803083114,4.99750124937531e-06,-901.668772310875,0.000522673654752781,0.00229242831031922
path:hsa00100,"Steroid biosynthesis - Enriched",144.713777914594,4.11061579504425,0.412883918447604,4.99750124937531e-06,115.390123425628,0.000520606914047317,0.00229242831031922
path:hsa04310,"Wnt signaling pathway - Enriched",-186.104808179196,2.69052876899431,0.418080126959214,4.99750124937531e-06,-282.646977304632,0.000538261113806504,0.00232009100778666
path:hsa04217,"Necroptosis - Enriched",-217.932986406936,2.55511124902163,0.422900454002459,4.99750124937531e-06,-315.227575366702,0.000555086383754899,0.00235206094811398
path:hsa04659,"Th17 cell differentiation - Enriched",-277.264574842104,3.0032311326838,0.42712286534817,4.99750124937531e-06,-424.091472079401,0.000570188364217628,0.00237578485090678
path:hsa04726,"Serotonergic synapse - Enriched",-573.047717817632,3.97565772795268,0.438999009742764,4.99750124937531e-06,-800.998572994652,0.000614557964057405,0.00247129740192972
path:hsa04912,"GnRH signaling pathway - Enriched",-405.203111599104,4.15160122908194,0.438999009742764,4.99750124937531e-06,-664.551772809804,0.000614557964057405,0.00247129740192972
path:hsa04960,"Aldosterone-regulated sodium reabsorption - Enriched",-111.151351720471,2.73569013900437,0.441115090578896,4.99750124937531e-06,-183.798827971462,0.000622766945286291,0.00247129740192972
path:hsa04621,"NOD-like receptor signaling pathway - Enriched",-123.581575409801,2.73126001191685,0.465649709261164,4.99750124937531e-06,-283.95612005988,0.000725148233499118,0.00283261028710593
path:hsa04072,"Phospholipase D signaling pathway - Enriched",-271.258081313652,3.17663370389711,0.468564904889139,4.99750124937531e-06,-573.141173032641,0.000738245853733055,0.00283940712974252
path:hsa04727,"GABAergic synapse - Enriched",-248.708552769296,3.13930145125653,0.473464215870707,4.99750124937531e-06,-347.37433386206,0.000760732564126898,0.00288156274290492
path:hsa04070,"Phosphatidylinositol signaling system - Enriched",-31.3978114230997,3.26778567279996,0.495209923143489,4.99750124937531e-06,-210.093930904788,0.000868158228547355,0.0032393963751767
path:hsa04926,"Relaxin signaling pathway - Enriched",-723.658182272358,3.50976498556156,0.534429908954344,4.99750124937531e-06,-1101.48180769386,0.00109789195705423,0.00403636748916997
path:hsa00030,"Pentose phosphate pathway - Enriched",141.342079623994,4.84097171881893,0.0902001007090514,0.00149925037481259,95.3377063142777,0.00116030049048654,0.00420398728437153
path:hsa00590,"Arachidonic acid metabolism - Enriched",-52.0724141148,2.36318178482726,0.552779585766644,4.99750124937531e-06,-100.998237303552,0.00122412266185057,0.00437186664946632
path:hsa00591,"Linoleic acid metabolism - Enriched",-28.7353613711161,2.21798844244337,0.56581147245933,4.99750124937531e-06,-57.0933547030877,0.00132220609998412,0.00465565528163424
path:hsa04935,"Growth hormone synthesis, secretion and action - Enriched",-723.034388517903,3.78182040307302,0.615035196131131,4.99750124937531e-06,-1117.52966256268,0.00176886812010746,0.00594562991003134
path:hsa04913,"Ovarian steroidogenesis - Enriched",-124.494972469964,3.25517642120788,0.612253775811447,4.99750124937531e-06,-184.913472303841,0.00173993916536264,0.00594562991003134
path:hsa04260,"Cardiac muscle contraction - Enriched",-133.619301107203,3.71292647341299,0.613806193124828,4.99750124937531e-06,-149.164734341656,0.00175602448497969,0.00594562991003134
path:hsa04721,"Synaptic vesicle cycle - Enriched",-131.265595156968,3.85014768519443,0.616441928662158,4.99750124937531e-06,-149.138617630198,0.0017836889730094,0.00594562991003134
path:hsa04725,"Cholinergic synapse - Enriched",-618.235723407294,4.04376960378151,0.627352037814211,4.99750124937531e-06,-908.798671598421,0.0019031295014631,0.00609977404315095
path:hsa04012,"ErbB signaling pathway - Enriched",-235.800026413579,2.44258301877433,0.625955243367059,4.99750124937531e-06,-478.461474938795,0.00188738088260021,0.00609977404315095
path:hsa04910,"Insulin signaling pathway - Enriched",-159.320163774527,2.19154739960443,0.623593735482271,4.99750124937531e-06,-366.214743745955,0.00186106602314684,0.00609977404315095
path:hsa04360,"Axon guidance - Enriched",-346.476442341273,2.43718757995229,0.631559901488385,4.99750124937531e-06,-613.380310325705,0.00195141517696951,0.00617536448408072
path:hsa04071,"Sphingolipid signaling pathway - Enriched",-267.905744869669,2.93400298310575,0.653276053174225,4.99750124937531e-06,-554.377048974683,0.00222223015366985,0.00694446923021827
path:hsa04062,"Chemokine signaling pathway - Enriched",-688.105726513718,3.05459494913899,0.671427509938356,4.99750124937531e-06,-1119.13133837475,0.00247989001813387,0.00765398153745021
path:hsa04660,"T cell receptor signaling pathway - Enriched",-202.12914820334,2.9117654120213,0.695733623680427,4.99750124937531e-06,-440.339782010752,0.00287831024440743,0.00877533611099827
path:hsa04742,"Taste transduction - Enriched",-195.909175467859,4.49408364253486,0.704625308010106,4.99750124937531e-06,-282.417703856712,0.00304178468222016,0.00916200205488
path:hsa04530,"Tight junction - Enriched",-81.6344548644127,2.05906223606205,0.716338725128989,4.99750124937531e-06,-181.855653638199,0.00327373074759452,0.00974324627260273
path:hsa00830,"Retinol metabolism - Enriched",-40.1950295372679,2.73921812372582,0.258086547812876,0.000999500249875062,-69.9902904450746,0.0040927334213412,0.0120374512392388
path:hsa04722,"Neurotrophin signaling pathway - Enriched",-275.802734014099,2.7472681339195,0.768210288966729,4.99750124937531e-06,-550.63470831973,0.00459096831154637,0.0133458381149604
path:hsa04010,"MAPK signaling pathway - Enriched",-330.292199799625,1.96452243422199,0.777641183834265,4.99750124937531e-06,-627.05336362735,0.00489609404838465,0.0140692357712203
path:hsa04976,"Bile secretion - Enriched",-112.242122691626,2.78909690536081,0.793227726286025,4.99750124937531e-06,-155.249730727629,0.00545906406198626,0.0155087047215519
path:hsa04211,"Longevity regulating pathway - Enriched",-256.28072792223,3.52919847273263,0.802319630416799,4.99750124937531e-06,-410.484654136453,0.00582629222810338,0.0163659894047848
path:hsa04670,"Leukocyte transendothelial migration - Enriched",-136.843777781194,2.27736172490067,0.805881252256662,4.99750124937531e-06,-322.943984869701,0.00597893471830468,0.0166081519952908
path:hsa04620,"Toll-like receptor signaling pathway - Enriched",-40.8500534617996,1.87634480617858,0.807872764442795,4.99750124937531e-06,-197.697079762543,0.00606658473957455,0.0166664415922378
path:hsa04650,"Natural killer cell mediated cytotoxicity - Enriched",-269.748576116149,2.21427985697156,0.813092411546296,4.99750124937531e-06,-484.271365302707,0.00630452404926896,0.0171318588295352
path:hsa00983,"Drug metabolism - other enzymes - Enriched",92.9934888876147,4.59744812841764,0.0510382589944446,0.0354822588705647,48.679145223611,0.00749019488075975,0.0201349324751606
path:hsa04340,"Hedgehog signaling pathway - Enriched",-67.1902767344216,2.08560993174173,0.840041438343478,4.99750124937531e-06,-73.2260381865068,0.00775638421330427,0.0204115374034323
path:hsa00860,"Porphyrin and chlorophyll metabolism - Enriched",82.3341833604176,6.2538768755451,0.0129983816822103,0.114942528735632,44.5980505012378,0.00769233479104225,0.0204115374034323
path:hsa04625,"C-type lectin receptor signaling pathway - Enriched",-209.732189058182,2.72069032456179,0.849433031921229,4.99750124937531e-06,-420.583422052965,0.00837071024447722,0.0217987245949928
path:hsa04920,"Adipocytokine signaling pathway - Enriched",-9.08792853163436,2.83779294975221,0.320457888756812,0.00199900049975012,-87.1018189058967,0.00901291655028413,0.0232291663667117
path:hsa04550,"Signaling pathways regulating pluripotency of stem cells - Enriched",-281.289054621552,2.16353242973854,0.860644733115596,4.99750124937531e-06,-446.24463476581,0.0091983085827223,0.0233021850939472
path:hsa04210,"Apoptosis - Enriched",-136.999350260875,2.29581472508859,0.861015695427439,4.99750124937531e-06,-316.326624309064,0.00922766529720309,0.0233021850939472
path:hsa03018,"RNA degradation - Enriched",16.086907016,2.08041073819841,0.490107465869221,0.000499750124937531,15.272922658,0.00952913953744816,0.0238228488436204
path:hsa00600,"Sphingolipid metabolism - Enriched",68.137515543171,7.02223360046638,0.00471834742829614,0.243378310844578,22.4757892278721,0.00997479988037131,0.0246900987137904
path:hsa00980,"Metabolism of xenobiotics by cytochrome P450 - Enriched",-8.53766385727324,3.84878866159496,0.0851974040187159,0.0289855072463768,-42.829436301371,0.0104436848653805,0.025597266826913
path:hsa04973,"Carbohydrate digestion and absorption - Enriched",-119.948725830337,4.68872959448423,0.885385960544619,4.99750124937531e-06,-211.637488358527,0.0115040509157169,0.0279224536789246
path:hsa04370,"VEGF signaling pathway - Enriched",-255.306640340634,3.40449317626001,0.890240975519085,4.99750124937531e-06,-465.426143549209,0.0120573636258967,0.0289840471776363
path:hsa04061,"Viral protein interaction with cytokine and cytokine receptor - Enriched",-96.3484955438069,1.585550803482,0.893834261933789,4.99750124937531e-06,-140.094427843707,0.0124936111291526,0.029746693164649
path:hsa04664,"Fc epsilon RI signaling pathway - Enriched",-205.747568227651,2.65779030016353,0.899788150932893,4.99750124937531e-06,-409.09118041337,0.0132723438739387,0.03072301822671
path:hsa04668,"TNF signaling pathway - Enriched",-50.1949759188784,2.21395834619487,0.899363387883129,4.99750124937531e-06,-198.348747597224,0.0132143073957867,0.03072301822671
path:hsa00480,"Glutathione metabolism - Enriched",127.815523772047,2.97745842192884,0.284109009505293,0.00499750124937531,77.0100280435736,0.0130393173301931,0.03072301822671
path:hsa01100,"Metabolic pathways - Enriched",1870.52712389999,3.26127385448195,0.291204473487242,0.00649675162418791,496.085030650725,0.0159671361755636,0.0356409289633115
path:hsa04630,"JAK-STAT signaling pathway - Enriched",-301.390187888276,1.90327817356762,0.916475479341985,4.99750124937531e-06,-474.070928729265,0.0159186980242243,0.0356409289633115
path:hsa04914,"Progesterone-mediated oocyte maturation - Enriched",-243.784179602894,2.61315857270418,0.915432308020236,4.99750124937531e-06,-413.741600214414,0.0157291488647289,0.0356409289633115
path:hsa04068,"FoxO signaling pathway - Enriched",-37.4543427849998,2.90720166705073,0.598451604765798,0.000499750124937531,-250.896697060969,0.0157561723943375,0.0356409289633115
path:hsa00230,"Purine metabolism - Enriched",331.978838356499,3.34145055282005,0.446494077162229,0.00199900049975012,172.382224102394,0.0165692159329258,0.0366575573737297
path:hsa04672,"Intestinal immune network for IgA production - Enriched",-16.7082062268276,1.69070636330325,0.612549173920773,0.000499750124937531,-29.4693120479679,0.016808231832564,0.0368601575275526
path:hsa04611,"Platelet activation - Enriched",-340.184520888152,4.36090349070568,0.922813206834451,4.99750124937531e-06,-700.169653001738,0.0171557589809824,0.0370838964942096
path:hsa04330,"Notch signaling pathway - Enriched",-43.6646063313478,3.10912656193258,0.141807171772577,0.0274862568715642,-55.4113790533513,0.0172069279733132,0.0370838964942096
path:hsa04060,"Cytokine-cytokine receptor interaction - Enriched",-160.292517928137,1.40479153514027,0.925481310957144,4.99750124937531e-06,-261.195953570918,0.0177251476547602,0.037874247125556
path:hsa04917,"Prolactin signaling pathway - Enriched",-232.539383956204,2.27693278619279,0.929724179470841,4.99750124937531e-06,-436.993148743719,0.0186987348243647,0.0396159636109421
path:hsa04750,"Inflammatory mediator regulation of TRP channels - Enriched",-470.816015240814,3.87700295822471,0.931612820884408,4.99750124937531e-06,-720.075053955158,0.0191617555390435,0.0402557889475704
path:hsa04966,"Collecting duct acid secretion - Enriched",-15.6093427153772,0,1,0.0204897551224388,-22.9886838261257,0.0204897551224388,0.0426869898384141
path:hsa00513,"Various types of N-glycan biosynthesis - Enriched",49.050417998394,5.74580905348149,0.0287193322526534,0.166916541729135,30.2478230731827,0.0213395668881027,0.0440900142316171
path:hsa04110,"Cell cycle - Enriched",3.89112006383052,8.7302866436004,0.000506015414602429,0.669165417291354,-15.5752997416625,0.0219556396077234,0.0449857312835586
path:hsa03015,"mRNA surveillance pathway - Enriched",11.5088106327044,3.0521124523925,0.137007658187673,0.0399800099950025,10.6218704132407,0.0221329797915109,0.0449857312835586
path:hsa04213,"Longevity regulating pathway - multiple species - Enriched",-147.831602318529,2.75556346187096,0.95134419564007,4.99750124937531e-06,-260.535540332385,0.0255233999756348,0.0510467999512696
path:hsa00270,"Cysteine and methionine metabolism - Enriched",159.035793494994,2.86145861566161,0.401524344578106,0.00599700149925037,100.72412756227,0.0254196393003387,0.0510467999512696
path:hsa00640,"Propanoate metabolism - Enriched",96.2671222981567,3.28054559245616,0.23528379381978,0.0219890054972514,53.6903984717341,0.026523233160036,0.0526254626191191
path:hsa04658,"Th1 and Th2 cell differentiation - Enriched",-277.851636756917,2.41727092019855,0.960352774632151,4.99750124937531e-06,-417.007820196537,0.0298730565860852,0.0588052295001677
path:hsa01230,"Biosynthesis of amino acids - Enriched",259.979338667743,2.6746000916554,0.587400049002334,0.00199900049975012,131.024167032056,0.0301149984732429,0.0588183563930526
path:hsa04216,"Ferroptosis - Enriched",29.9208756619503,4.13292051664644,0.0610596657267142,0.166416791604198,13.839974616532,0.0377083556357085,0.0730782085963343
path:hsa04923,"Regulation of lipolysis in adipocytes - Enriched",-335.769463224821,4.16759509193646,0.972374204655762,4.99750124937531e-06,-500.471575199105,0.0385269395643515,0.0740902683929836
path:hsa00601,"Glycosphingolipid biosynthesis - lacto and neolacto series - Enriched",-41.8911484271331,2.47240640431525,0.612549173920773,0.00299850074962519,-61.8216595708389,0.0408523134489007,0.0779624302459938
path:hsa00630,"Glyoxylate and dicarboxylate metabolism - Enriched",152.340309098886,2.91728011218912,0.804919909670761,0.000499750124937531,92.6123255273223,0.042787403928325,0.0810367498642519
path:hsa00240,"Pyrimidine metabolism - Enriched",163.120888623095,2.72802439821153,0.559786260101002,0.00499750124937531,93.362335661746,0.0431597441929621,0.0811273387085754
path:hsa00040,"Pentose and glucuronate interconversions - Enriched",34.4146171349084,5.15396581232293,0.0276396002320657,0.309845077461269,9.32797276950984,0.043983213154023,0.0820582334963115
path:hsa04612,"Antigen processing and presentation - Enriched",41.4450755876362,1.29198701008211,0.727022860824323,0.00449775112443778,30.4016581406816,0.0777824159094562,0.144041510943437
path:hsa00250,"Alanine, aspartate and glutamate metabolism - Enriched",104.526052921158,3.16727879188816,0.412826451225268,0.039480259870065,47.5341162419788,0.0810608689421304,0.149008950261269
path:hsa00730,"Thiamine metabolism - Enriched",19.5226097930885,4.10285719718969,0.0762695066604644,0.294352823588206,7.1669093752948,0.0816674031480678,0.14902810793443
path:hsa00130,"Ubiquinone and other terpenoid-quinone biosynthesis - Enriched",29.577871720952,3.34976358003151,0.327786294097099,0.114942528735632,20.7628930704069,0.122134001087917,0.221257248347675
path:hsa00051,"Fructose and mannose metabolism - Enriched",99.4186802157157,2.55660437025175,0.648662315139521,0.0254872563718141,54.1311419745654,0.133468173719313,0.240050672157038
path:hsa00900,"Terpenoid backbone biosynthesis - Enriched",69.5834127671307,2.29737128638292,0.781942857426741,0.0114942528735632,49.2422043734139,0.145250903125178,0.259376612723532
path:hsa04710,"Circadian rhythm - Enriched",-16.0032928198383,2.42489344713173,0.346643310088046,0.141929035482259,-18.7500900552533,0.149941746664853,0.265854160753285
path:hsa04740,"Olfactory transduction - Enriched",-304.022856549933,2.94276235175071,0.998545293209416,4.99750124937531e-06,-372.994375256632,0.154261397768396,0.271586967902105
path:hsa00400,"Phenylalanine, tyrosine and tryptophan biosynthesis - Enriched",12.482608772746,3.06572924023093,0.194356613126365,0.302848575712144,5.05593468603553,0.164899372829306,0.288285616834451
path:hsa00450,"Selenocompound metabolism - Enriched",44.2050555251624,2.90383722857548,0.50188333317864,0.0864567716141929,27.8417740205302,0.168432305022701,0.291574398813039
path:hsa04657,"IL-17 signaling pathway - Enriched",31.4928600679022,3.5887638805747,0.146027294036565,0.381809095452274,5.30886389311419,0.169113151311562,0.291574398813039
path:hsa03460,"Fanconi anemia pathway - Enriched",-25.4197696142183,2.89030568641036,0.23528379381978,0.269365317341329,-16.8003572290944,0.172355126565536,0.295128641379343
path:hsa04136,"Autophagy - other - Enriched",68.375132503943,3.02879888243794,0.460722555275514,0.111444277861069,34.3444479907084,0.175768841292246,0.29535379268399
path:hsa04623,"Cytosolic DNA-sensing pathway - Enriched",61.8444368906187,2.85998686874178,0.311936666420268,0.201899050474763,27.8798749343628,0.174359751636069,0.29535379268399
path:hsa04520,"Adherens junction - Enriched",64.8654054435259,4.98208799755326,0.0339895015350504,0.694652673663168,-22.1714754153655,0.176030860439658,0.29535379268399
path:hsa04145,"Phagosome - Enriched",7.46090654905596,2.71154216834976,0.191720652538444,0.347326336831584,3.87881809779563,0.185695923484918,0.309493205808196
path:hsa04512,"ECM-receptor interaction - Enriched",15.0677608567144,4.47088748560348,0.0319889100917935,0.768115942028985,-17.3094227252263,0.214258477268435,0.354732578258998
path:hsa00604,"Glycosphingolipid biosynthesis - ganglio series - Enriched",-1.63862309578598,2.77850586650513,0.367088439546379,0.220889555222389,-15.5889488816419,0.216515160996835,0.356110462165847
path:hsa00750,"Vitamin B6 metabolism - Enriched",17.7695424902145,3.43802852634868,0.269928144219705,0.320339830084958,7.97366081167448,0.222576940018817,0.363687810488264
path:hsa00512,"Mucin type O-glycan biosynthesis - Enriched",23.0031061345568,3.2612536604069,0.224645937183464,0.380309845077461,6.72674724747553,0.226498959422779,0.367693115946069
path:hsa04610,"Complement and coagulation cascades - Enriched",-23.8813978743398,1.85523422377107,0.616632069303516,0.0899550224887556,-32.8763849581744,0.230107883498964,0.371141747578975
path:hsa00770,"Pantothenate and CoA biosynthesis - Enriched",52.2517450312485,3.14755171419731,0.346643310088046,0.267866066966517,20.1733005362737,0.236755257195567,0.379415476274947
path:hsa01212,"Fatty acid metabolism - Enriched",108.924184558365,2.64534204391751,0.51645021798766,0.148425787106447,44.9971667289959,0.239319102603794,0.38108137357292
path:hsa00062,"Fatty acid elongation - Enriched",91.1839541368156,2.86645048681895,0.613806193124828,0.0999500249875062,40.9298120023273,0.24138252484443,0.381934374753845
path:hsa04215,"Apoptosis - multiple species - Enriched",-34.2735430439787,1.81913291389057,0.793227726286025,0.0359820089955022,-44.9522829759796,0.243794648082828,0.383324918369226
path:hsa04514,"Cell adhesion molecules (CAMs) - Enriched",-11.8871640674152,1.33682686802289,0.864658502500963,0.0194902548725637,-36.6478381902577,0.247975548850756,0.387461795079307
path:hsa00360,"Phenylalanine metabolism - Enriched",12.2608563651441,3.3426428853443,0.132984631773994,0.589705147426287,-2.43583029350541,0.265585906717926,0.412400476270072
path:hsa00071,"Fatty acid degradation - Enriched",69.701716165783,2.75160808654828,0.370798994010252,0.292353823088456,19.1330422519815,0.2677576691237,0.413206279511883
path:hsa04614,"Renin-angiotensin system - Enriched",-2.7039863537706,1.46410854392992,0.560512270833718,0.164417791104448,-3.06044092597828,0.280016310266471,0.429472868506858
path:hsa04979,"Cholesterol metabolism - Enriched",-5.05366672703336,1.8662981679295,0.441115090578896,0.278360819590205,-5.70954728384471,0.30141609304861,0.459475751598491
path:hsa04115,"p53 signaling pathway - Enriched",17.4461675363029,3.07119304698813,0.17291011620244,0.59320339830085,-7.75196120739685,0.308580425545074,0.467546099310718
path:hsa00790,"Folate biosynthesis - Enriched",47.9081566864213,2.7737273606843,0.518533706827614,0.231884057971014,20.1127487297066,0.31376573914368,0.472538763770602
path:hsa00670,"One carbon pool by folate - Enriched",52.3971512698838,2.06700326230041,0.912646486085655,0.0224887556221889,37.0453032560565,0.323496185003566,0.484275726053243
path:hsa00380,"Tryptophan metabolism - Enriched",28.2321443957876,3.89420240339403,0.109805809183095,0.730134932533733,-17.6786032020618,0.331997456756742,0.49112049816086
path:hsa04964,"Proximal tubule bicarbonate reclamation - Enriched",11.6267179296584,2.41811208876595,0.395357237610241,0.363318340829585,3.33183787895627,0.331831767839662,0.49112049816086
path:hsa01210,"2-Oxocarboxylic acid metabolism - Enriched",68.7649569300405,2.28390047399296,0.911889825623629,0.0274862568715642,39.5334094627723,0.344337829847251,0.506379161540075
path:hsa00053,"Ascorbate and aldarate metabolism - Enriched",11.2255182950748,3.11419753684052,0.164757183481292,0.670164917541229,-5.05388766790495,0.352675586143159,0.512609863580173
path:hsa00531,"Glycosaminoglycan degradation - Enriched",25.106681405685,2.97463223133625,0.300545143661171,0.492753623188406,0.33215583627268,0.351029126216638,0.512609863580173
path:hsa03320,"PPAR signaling pathway - Enriched",17.6758361561389,2.76260170210708,0.19697191585597,0.660169915042479,-7.77313834481129,0.377970271554921,0.546199814385724
path:hsa04064,"NF-kappa B signaling pathway - Enriched",-3.07771553858367,1.60498331071568,0.829290246168086,0.0849575212393803,-51.765614287763,0.382938753688333,0.547756871010012
path:hsa00280,"Valine, leucine and isoleucine degradation - Enriched",107.290452463665,2.01534750785534,0.821667571363467,0.0899550224887556,46.755355644351,0.383429809707009,0.547756871010012
path:hsa04977,"Vitamin digestion and absorption - Enriched",-2.16310318324817,1.73494279926629,0.756932721431185,0.140929535232384,-4.94343884767605,0.394166444749659,0.559895518110312
path:hsa00410,"beta-Alanine metabolism - Enriched",46.8402595309331,2.28221815491196,0.461480087650872,0.393303348325837,6.39659443410822,0.397505604383979,0.561448593762682
path:hsa04137,"Mitophagy - animal - Enriched",25.1355867437764,5.19401539474215,0.0266249390423418,0.944527736131934,-61.4443168772185,0.405297894927054,0.569238616470581
path:hsa00350,"Tyrosine metabolism - Enriched",16.7836634228418,3.96480820809622,0.10848435226425,0.836581709145427,-27.6728481489984,0.428697122058852,0.598738997288899
path:hsa03440,"Homologous recombination - Enriched",2.77407131230919,1.89291931628648,0.560773120558776,0.350324837581209,3.01280893227531,0.434981649910178,0.604141180430803
path:hsa00534,"Glycosaminoglycan biosynthesis - heparan sulfate / heparin - Enriched",29.4568751571354,3.57947061790395,0.907910349403837,0.0694652673663168,23.5251645187951,0.457263188423823,0.631578989535667
path:hsa00260,"Glycine, serine and threonine metabolism - Enriched",89.9808727332222,2.47835825989527,0.809982092951582,0.157421289355322,32.5573239911002,0.464142712544324,0.637558671077368
path:hsa00561,"Glycerolipid metabolism - Enriched",61.7578490327838,2.0796765274908,0.616632069303516,0.36431784107946,12.0452162492423,0.485815389102356,0.663682225549666
path:hsa00920,"Sulfur metabolism - Enriched",47.9086885178569,3.05492587688132,0.902534821911241,0.0939530234882559,34.5578708581801,0.494169905254998,0.671426501705161
path:hsa04350,"TGF-beta signaling pathway - Enriched",-5.75223706985141,1.42288981646848,0.829290246168086,0.180409795102449,-35.5023941289794,0.510594165754425,0.689992115884359
path:hsa00310,"Lysine degradation - Enriched",74.1393618537292,1.82924389718567,0.795442199994035,0.221889055472264,25.3688015534205,0.516814095897797,0.694642602013169
path:hsa00330,"Arginine and proline metabolism - Enriched",61.1352919535815,2.45106021196941,0.526302948726485,0.519740129935032,-1.66256655558624,0.532540402606938,0.708626174834405
path:hsa00472,"D-Arginine and D-ornithine metabolism - Enriched",0.199754491217391,1.65153956453919,0.579304147497882,0.466766616691654,0.0664472588421794,0.532886883475473,0.708626174834405
path:hsa04390,"Hippo signaling pathway - Enriched",15.5543110330102,2.2832047328671,0.404028640663591,0.653673163418291,-21.3079399079087,0.542886691720584,0.718104089577492
path:hsa00520,"Amino sugar and nucleotide sugar metabolism - Enriched",114.304678455318,2.07046401141512,0.937012406014431,0.095952023988006,52.8365463158325,0.563260486432727,0.73341209170928
path:hsa04080,"Neuroactive ligand-receptor interaction - Enriched",124.022474717958,2.41241253982509,0.427120307884317,0.655172413793103,-18.7696278971111,0.560588384440786,0.73341209170928
path:hsa00500,"Starch and sucrose metabolism - Enriched",22.6276181868299,2.37659793193183,0.441115090578896,0.638680659670165,-8.11851613441558,0.558127677724454,0.73341209170928
path:hsa00780,"Biotin metabolism - Enriched",4.39571800290193,2.65074853037899,0.756932721431185,0.35632183908046,2.50733455701805,0.591748717269582,0.766513882473552
path:hsa00650,"Butanoate metabolism - Enriched",62.2093631652045,2.17476252665258,0.952851865260228,0.112943528235882,27.1086796160011,0.628082625348626,0.809384826480188
path:hsa00052,"Galactose metabolism - Enriched",39.3961368178717,1.96419635976194,0.713908961977418,0.48375812093953,1.25377340788068,0.644534790877014,0.822110702649252
path:hsa00440,"Phosphonate and phosphinate metabolism - Enriched",4.13488265564667,1.84193282569506,0.656280969449417,0.544727636181909,-1.02589184295883,0.642047755917964,0.822110702649252
path:hsa00910,"Nitrogen metabolism - Enriched",-5.25005022475114,1.78089777070999,0.985697741533228,0.0514742628685657,-24.5858284452519,0.653462652122851,0.829267325028998
path:hsa00564,"Glycerophospholipid metabolism - Enriched",63.6704238792149,2.41338750612963,0.499930155121996,0.792103948025987,-35.8530292432008,0.717448861255483,0.905869774312479
path:hsa00565,"Ether lipid metabolism - Enriched",18.6922582826878,2.72079058395715,0.37849337327908,0.88255872063968,-27.7503459500761,0.732748689215475,0.920538554290797
path:hsa00562,"Inositol phosphate metabolism - Enriched",45.3255122293625,4.86971310550265,0.103672422392064,0.986006996501749,-109.544668827815,0.746098898141896,0.931408557065613
path:hsa04141,"Protein processing in endoplasmic reticulum - Enriched",2.55242979452778,2.01024042451624,0.581702134729962,0.771114442778611,-18.7537661314921,0.748852479880753,0.931408557065613
path:hsa00061,"Fatty acid biosynthesis - Enriched",43.0983423762535,3.2257401920059,0.969007539682732,0.191404297851074,18.2016054044073,0.758857185707829,0.939179685281967
path:hsa00515,"Mannose type O-glycan biosynthesis - Enriched",5.29945639571188,2.45306522885541,0.669975373671562,0.732633683158421,-8.85200710842899,0.773368995949567,0.947756122487214
path:hsa00471,"D-Glutamine and D-glutamate metabolism - Enriched",14.4930893961204,2.38066230355373,0.901078677711293,0.407296351824088,2.20757807431543,0.771784598998281,0.947756122487214
path:hsa04150,"mTOR signaling pathway - Enriched",1.09069735294247,4.37599407828195,0.085089092180285,0.99400299850075,-168.542309861905,0.790048368278474,0.963473619851797
path:hsa00072,"Synthesis and degradation of ketone bodies - Enriched",20.1994135838834,2.02747816032969,0.972357643534054,0.23488255872064,9.58302094215058,0.800699745982637,0.971722992697376
path:hsa04622,"RIG-I-like receptor signaling pathway - Enriched",34.13171273814,1.74649165055158,0.74679488260208,0.722138930534733,-23.3492966470984,0.81231540336629,0.980419699772146
path:hsa04130,"SNARE interactions in vesicular transport - Enriched",6.88618457391551,1.30940113771934,0.924467153519465,0.434782608695652,1.56606477417302,0.815709190210426,0.980419699772146
path:hsa04140,"Autophagy - animal - Enriched",12.5790268103721,2.80744084251006,0.555100377606571,0.993003498250875,-185.330899356767,0.966795284596744,1
path:hsa00120,"Primary bile acid biosynthesis - Enriched",2.55173646427643,2.91484464676456,0.81961528951777,0.770614692653673,-24.7511418814422,0.879019832572163,1
path:hsa00340,"Histidine metabolism - Enriched",6.11342618871106,1.66033484683823,0.853748809311227,0.875562218890555,-18.2471752342184,0.940583256436567,1
path:hsa00220,"Arginine biosynthesis - Enriched",23.5547378340752,2.68194349082258,0.949358385164914,0.719640179910045,-13.4597568953428,0.941802458792915,1
path:hsa04975,"Fat digestion and absorption - Enriched",6.48270894489772,1.65922237033468,0.801341047938558,0.770614692653673,-7.5610994436923,0.869150862346519,1
path:hsa00524,"Neomycin, kanamycin and gentamicin biosynthesis - Enriched",1.68807657567491,2.00294234645638,0.847818366680813,0.743628185907046,-5.78491692663916,0.882807033804311,1
path:hsa01040,"Biosynthesis of unsaturated fatty acids - Enriched",17.88198685854,2.94880900343463,0.999856789588615,0.646176911544228,-5.74616474742115,0.997672993115098,1
path:hsa04392,"Hippo signaling pathway - multiple species - Enriched",1.32932919472871,2.3842071790223,0.9569750255495,0.581209395302349,-5.15589046419855,0.912891398902014,1
path:hsa00760,"Nicotinate and nicotinamide metabolism - Enriched",42.3277396099116,1.85698004254936,0.965644751362986,0.561719140429785,-4.78263906354092,0.918792318459986,1
path:hsa00603,"Glycosphingolipid biosynthesis - globo and isoglobo series - Enriched",4.41104994548678,1.63253364603001,0.933938395408982,0.665667166416792,-4.76622056263766,0.914246269233288,1
path:hsa00532,"Glycosaminoglycan biosynthesis - chondroitin sulfate / dermatan sulfate - Enriched",2.51145500682084,2.09805280112677,0.934272468103428,0.644177911044478,-4.73458263989375,0.90790650072035,1
path:hsa00290,"Valine, leucine and isoleucine biosynthesis - Enriched",9.05865269334964,2.33232686184949,0.992138340665369,0.322338830584708,3.94880405665685,0.916477626740361,1
path:hsa00785,"Lipoic acid metabolism - Enriched",0.693493972765399,3.23794796942271,0.986379799003587,0.634182908545727,-3.27437966013622,0.964371418654447,1
path:hsa00232,"Caffeine metabolism - Enriched",0.527877295169111,1.30111563072659,0.907910349403837,0.697651174412794,-2.72433985577673,0.904066170558891,1
path:hsa00430,"Taurine and hypotaurine metabolism - Enriched",6.20517371290374,1.45874759504255,0.995842239707205,0.582708645677161,-2.15076894426023,0.977979802121827,1
path:hsa00563,"Glycosylphosphatidylinositol (GPI)-anchor biosynthesis - Enriched",28.5834694479151,2.45844875714365,0.955484454792996,0.529235382308846,-1.30534772540795,0.895137474731365,1
path:hsa00740,"Riboflavin metabolism - Enriched",14.7726383685253,1.86288647355692,0.959285004844778,0.472263868065967,1.04206211548327,0.881574912819529,1
path:hsa04122,"Sulfur relay system - Enriched",2.2040417045493,2.55443085760964,0.996270299205381,0.504747626186906,-0.0675378350627343,0.971306734721899,1
path:hsa02010,"ABC transporters - Enriched",0,0,1,1,0,1,1
path:hsa00514,"Other types of O-glycan biosynthesis - Enriched",0,0,1,1,0,1,1
path:hsa00511,"Other glycan degradation - Enriched",0,0,1,1,0,1,1
remaining,"remaining",0,1.00347120379045,0.996534813872567,1,0,0.996534813872567,1
path:hsa03450,"Non-homologous end-joining - Enriched",0,0,1,1,0,1,1
path:hsa03420,"Nucleotide excision repair - Enriched",0,0,1,1,0,1,1
path:hsa04640,"Hematopoietic cell lineage - Enriched",0,0,1,1,0,1,1
path:hsa03430,"Mismatch repair - Enriched",0,0,1,1,0,1,1
path:hsa04974,"Protein digestion and absorption - Enriched",0,0,1,1,0,1,1
path:hsa03410,"Base excision repair - Enriched",0,0,1,1,0,1,1
path:hsa03060,"Protein export - Enriched",0,0,1,1,0,1,1
path:hsa03040,"Spliceosome - Enriched",0,0,1,1,0,1,1
path:hsa03050,"Proteasome - Enriched",0,0,1,1,0,1,1
path:hsa04146,"Peroxisome - Enriched",0,0,1,1,0,1,1
path:hsa04142,"Lysosome - Enriched",0,0,1,1,0,1,1
path:hsa03020,"RNA polymerase - Enriched",0,0,1,1,0,1,1
path:hsa03022,"Basal transcription factors - Enriched",0,0,1,1,0,1,1
path:hsa03030,"DNA replication - Enriched",0,0,1,1,0,1,1
path:hsa04120,"Ubiquitin mediated proteolysis - Enriched",0,0,1,1,0,1,1
path:hsa04929,"GnRH secretion - Enriched",0,0,1,1,0,1,1
path:hsa00533,"Glycosaminoglycan biosynthesis - keratan sulfate - Enriched",0,0,1,1,0,1,1
path:hsa03008,"Ribosome biogenesis in eukaryotes - Enriched",0,1.15536490577617,0.856102723650122,1,0,0.856102723650122,1
path:hsa03010,"Ribosome - Enriched",0,0,1,1,0,1,1
